,spectrum_id,label,compound_id,parent_full_mw,ms1_rt,ms2_rt,ms2_max_intensity,parent_mz,parent_intensity,parent_fromms1_mz,parent_fromms1_intensity,scan_type,mzml_file,mzml_file_short,spectrum_folder
0,AcidMix100_1o5kV_01_0224,1,DiAcids_10,118.026586597559,0.79820301,0.80269626,661429.5625,117.019309997559,2027667.125,117.0193099975586,2027667.125,negative,SN51_2019-03-20_HyFlexFuel_AcidMix100_10min_700uLmin_50-750_ESI_RP-MS_CB_neg_1o5kV_01.mzML,AcidMix100_1o5kV_01,DiAcids
0,AcidMix100_1o5kV_01_0270,1,DiAcids_10,118.026533191797,0.96003431,0.96452775,527593.75,117.019256591797,1946379.375,117.01931762695312,1946379.375,negative,SN51_2019-03-20_HyFlexFuel_AcidMix100_10min_700uLmin_50-750_ESI_RP-MS_CB_neg_1o5kV_01.mzML,AcidMix100_1o5kV_01,DiAcids
0,AcidMix100_1o5kV_01_0278,1,DiAcids_11,104.010816639063,0.98731568,0.99180907,48719.13671875,103.003540039063,774814.125,103.00362396240234,774814.125,negative,SN51_2019-03-20_HyFlexFuel_AcidMix100_10min_700uLmin_50-750_ESI_RP-MS_CB_neg_1o5kV_01.mzML,AcidMix100_1o5kV_01,DiAcids
0,AcidMix100_1o5kV_01_0324,1,DiAcids_11,104.010908191797,1.1463615,1.1508527,103424.1015625,103.003631591797,1347836.125,103.00357818603516,1347836.125,negative,SN51_2019-03-20_HyFlexFuel_AcidMix100_10min_700uLmin_50-750_ESI_RP-MS_CB_neg_1o5kV_01.mzML,AcidMix100_1o5kV_01,DiAcids
0,AcidMix100_1o5kV_01_0334,1,DiAcids_09,132.042158191797,1.1829117,1.1874027,2784261.5,131.034881591797,12283746.0,131.034912109375,12283746.0,negative,SN51_2019-03-20_HyFlexFuel_AcidMix100_10min_700uLmin_50-750_ESI_RP-MS_CB_neg_1o5kV_01.mzML,AcidMix100_1o5kV_01,DiAcids
0,AcidMix100_1o5kV_01_0380,1,DiAcids_09,132.042097156641,1.34022,1.3468211,384303.4375,131.034820556641,1901610.875,131.03489685058594,1901610.875,negative,SN51_2019-03-20_HyFlexFuel_AcidMix100_10min_700uLmin_50-750_ESI_RP-MS_CB_neg_1o5kV_01.mzML,AcidMix100_1o5kV_01,DiAcids
0,AcidMix100_1o5kV_01_0642,1,DiAcids_07,146.057749603019,2.25996,2.264451,3299583.5,145.050473003019,18516908.0,145.05056762695312,18516908.0,negative,SN51_2019-03-20_HyFlexFuel_AcidMix100_10min_700uLmin_50-750_ESI_RP-MS_CB_neg_1o5kV_01.mzML,AcidMix100_1o5kV_01,DiAcids
0,AcidMix100_1o5kV_01_0688,1,DiAcids_07,146.05781885504902,2.4174038,2.4218949,382633.875,145.050542255049,3520021.25,145.05052185058594,3520021.25,negative,SN51_2019-03-20_HyFlexFuel_AcidMix100_10min_700uLmin_50-750_ESI_RP-MS_CB_neg_1o5kV_01.mzML,AcidMix100_1o5kV_01,DiAcids
0,AcidMix100_1o5kV_01_0838,1,DiAcids_05,160.073436260502,2.9293875,2.9338787,16363943.0,159.066159660502,65035000.0,159.06617736816406,65035000.0,negative,SN51_2019-03-20_HyFlexFuel_AcidMix100_10min_700uLmin_50-750_ESI_RP-MS_CB_neg_1o5kV_01.mzML,AcidMix100_1o5kV_01,DiAcids
0,AcidMix100_1o5kV_01_0884,1,DiAcids_05,160.07343234160302,3.0883728,3.0928642,585946.4375,159.066155741603,2777085.5,159.066162109375,2777085.5,negative,SN51_2019-03-20_HyFlexFuel_AcidMix100_10min_700uLmin_50-750_ESI_RP-MS_CB_neg_1o5kV_01.mzML,AcidMix100_1o5kV_01,DiAcids
0,AcidMix100_1o5kV_01_0934,1,DiAcids_08,166.02648741543,3.2602774,3.267145,259457.796875,165.01921081543,1419610.625,165.0192413330078,1419610.625,negative,SN51_2019-03-20_HyFlexFuel_AcidMix100_10min_700uLmin_50-750_ESI_RP-MS_CB_neg_1o5kV_01.mzML,AcidMix100_1o5kV_01,DiAcids
0,AcidMix100_1o5kV_01_0980,1,DiAcids_08,166.026456897852,3.4186043,3.4230977,805704.625,165.019180297852,4359601.5,165.0192413330078,4359601.5,negative,SN51_2019-03-20_HyFlexFuel_AcidMix100_10min_700uLmin_50-750_ESI_RP-MS_CB_neg_1o5kV_01.mzML,AcidMix100_1o5kV_01,DiAcids
0,AcidMix100_1o5kV_01_0998,1,DiAcids_06,174.089048450586,3.4828437,3.4873353,8334859.0,173.081771850586,33075158.0,173.08169555664062,33075158.0,negative,SN51_2019-03-20_HyFlexFuel_AcidMix100_10min_700uLmin_50-750_ESI_RP-MS_CB_neg_1o5kV_01.mzML,AcidMix100_1o5kV_01,DiAcids
0,AcidMix100_1o5kV_01_1026,1,DiAcids_08,166.026456897852,3.5777711,3.5822626,638723.875,165.019180297852,3732220.75,165.01919555664062,3732220.75,negative,SN51_2019-03-20_HyFlexFuel_AcidMix100_10min_700uLmin_50-750_ESI_RP-MS_CB_neg_1o5kV_01.mzML,AcidMix100_1o5kV_01,DiAcids
0,AcidMix100_1o5kV_01_1044,1,DiAcids_06,174.088956897852,3.6397877,3.644281,526919.5625,173.081680297852,2444844.5,173.0817413330078,2444844.5,negative,SN51_2019-03-20_HyFlexFuel_AcidMix100_10min_700uLmin_50-750_ESI_RP-MS_CB_neg_1o5kV_01.mzML,AcidMix100_1o5kV_01,DiAcids
0,AcidMix100_1o5kV_01_1138,1,DiAcids_02,188.10461887904802,3.9594881,3.963979,17139478.0,187.097342279048,45611328.0,187.097412109375,45611328.0,negative,SN51_2019-03-20_HyFlexFuel_AcidMix100_10min_700uLmin_50-750_ESI_RP-MS_CB_neg_1o5kV_01.mzML,AcidMix100_1o5kV_01,DiAcids
0,AcidMix100_1o5kV_01_1186,1,DiAcids_02,188.104611621884,4.1222194,4.1267127,1209079.125,187.097335021884,4307870.0,187.09747314453125,4307870.0,negative,SN51_2019-03-20_HyFlexFuel_AcidMix100_10min_700uLmin_50-750_ESI_RP-MS_CB_neg_1o5kV_01.mzML,AcidMix100_1o5kV_01,DiAcids
0,AcidMix100_1o5kV_01_1258,1,DiAcids_01,202.12039000332,4.3719817,4.376473,22010508.0,201.11311340332,93825152.0,201.1130828857422,93825152.0,negative,SN51_2019-03-20_HyFlexFuel_AcidMix100_10min_700uLmin_50-750_ESI_RP-MS_CB_neg_1o5kV_01.mzML,AcidMix100_1o5kV_01,DiAcids
0,AcidMix100_1o5kV_01_1306,1,DiAcids_01,202.12032896816402,4.535234,4.5397251,901229.8125,201.113052368164,10726501.0,201.11305236816406,4577133.5,negative,SN51_2019-03-20_HyFlexFuel_AcidMix100_10min_700uLmin_50-750_ESI_RP-MS_CB_neg_1o5kV_01.mzML,AcidMix100_1o5kV_01,DiAcids
0,AcidMix100_1o5kV_01_1436,1,DiAcids_00,230.151700561597,4.97648,4.9809713,16730686.0,229.144423961597,40129704.0,229.14422607421875,40129704.0,negative,SN51_2019-03-20_HyFlexFuel_AcidMix100_10min_700uLmin_50-750_ESI_RP-MS_CB_neg_1o5kV_01.mzML,AcidMix100_1o5kV_01,DiAcids
0,AcidMix100_1o5kV_01_1482,1,DiAcids_00,230.151645866363,5.1350613,5.1395526,1268104.625,229.144369266363,4745879.5,229.14430236816406,4745879.5,negative,SN51_2019-03-20_HyFlexFuel_AcidMix100_10min_700uLmin_50-750_ESI_RP-MS_CB_neg_1o5kV_01.mzML,AcidMix100_1o5kV_01,DiAcids
0,AcidMix100_1o5kV_01_1568,1,DiAcids_04,258.183058347999,5.4295364,5.4340278,11631540.0,257.175781747999,22313742.0,257.1755065917969,22313742.0,negative,SN51_2019-03-20_HyFlexFuel_AcidMix100_10min_700uLmin_50-750_ESI_RP-MS_CB_neg_1o5kV_01.mzML,AcidMix100_1o5kV_01,DiAcids
0,AcidMix100_1o5kV_01_1616,1,DiAcids_04,258.183149402734,5.5922824,5.5967738,593231.5625,257.175872802734,2439490.0,257.1757507324219,2439490.0,negative,SN51_2019-03-20_HyFlexFuel_AcidMix100_10min_700uLmin_50-750_ESI_RP-MS_CB_neg_1o5kV_01.mzML,AcidMix100_1o5kV_01,DiAcids
0,AcidMix100_1o5kV_01_1674,1,DiAcids_03,286.213915524407,5.789914,5.7944071,11123150.0,285.206638924407,21593764.0,285.20703125,21593764.0,negative,SN51_2019-03-20_HyFlexFuel_AcidMix100_10min_700uLmin_50-750_ESI_RP-MS_CB_neg_1o5kV_01.mzML,AcidMix100_1o5kV_01,DiAcids
0,AcidMix100_1o5kV_01_1722,1,DiAcids_03,286.21434973785404,5.9526597,5.9571531,291593.34375,285.207073137854,759954.625,285.20684814453125,759954.625,negative,SN51_2019-03-20_HyFlexFuel_AcidMix100_10min_700uLmin_50-750_ESI_RP-MS_CB_neg_1o5kV_01.mzML,AcidMix100_1o5kV_01,DiAcids
0,AcidMix100_3o0kV_01_0230,1,DiAcids_10,118.02654845058599,0.80046083,0.80495212,3132826.0,117.019271850586,8741083.0,117.01921844482422,8741083.0,negative,SN51_2019-03-20_HyFlexFuel_AcidMix100_10min_700uLmin_50-750_ESI_RP-MS_CB_neg_3o0kV_01.mzML,AcidMix100_3o0kV_01,DiAcids
0,AcidMix100_3o0kV_01_0278,1,DiAcids_10,118.026495044824,0.9631923,0.96768523,1233875.25,117.019218444824,4113815.25,117.0191879272461,4113815.25,negative,SN51_2019-03-20_HyFlexFuel_AcidMix100_10min_700uLmin_50-750_ESI_RP-MS_CB_neg_3o0kV_01.mzML,AcidMix100_3o0kV_01,DiAcids
0,AcidMix100_3o0kV_01_0282,1,DiAcids_11,104.010838810736,0.9767547,0.98124578,52495.22265625,103.003562210736,1614926.0,103.00341796875,1614926.0,negative,SN51_2019-03-20_HyFlexFuel_AcidMix100_10min_700uLmin_50-750_ESI_RP-MS_CB_neg_3o0kV_01.mzML,AcidMix100_3o0kV_01,DiAcids
0,AcidMix100_3o0kV_01_0330,1,DiAcids_11,104.010801380273,1.1394879,1.1439791,215113.90625,103.003524780273,2834111.25,103.00367736816406,2834111.25,negative,SN51_2019-03-20_HyFlexFuel_AcidMix100_10min_700uLmin_50-750_ESI_RP-MS_CB_neg_3o0kV_01.mzML,AcidMix100_3o0kV_01,DiAcids
0,AcidMix100_3o0kV_01_0336,1,DiAcids_09,132.04214293300802,1.1598297,1.1643209,2700146.5,131.034866333008,8606984.0,131.03482055664062,8606984.0,negative,SN51_2019-03-20_HyFlexFuel_AcidMix100_10min_700uLmin_50-750_ESI_RP-MS_CB_neg_3o0kV_01.mzML,AcidMix100_3o0kV_01,DiAcids
0,AcidMix100_3o0kV_01_0384,1,DiAcids_09,132.04206663906302,1.3226381,1.3271294,1077541.5,131.034790039063,5912093.5,131.03477478027344,5912093.5,negative,SN51_2019-03-20_HyFlexFuel_AcidMix100_10min_700uLmin_50-750_ESI_RP-MS_CB_neg_3o0kV_01.mzML,AcidMix100_3o0kV_01,DiAcids
0,AcidMix100_3o0kV_01_0656,1,DiAcids_07,146.057546356805,2.2503511,2.2548422,4499644.5,145.050269756805,17384314.0,145.0505828857422,17384314.0,negative,SN51_2019-03-20_HyFlexFuel_AcidMix100_10min_700uLmin_50-750_ESI_RP-MS_CB_neg_3o0kV_01.mzML,AcidMix100_3o0kV_01,DiAcids
0,AcidMix100_3o0kV_01_0702,1,DiAcids_07,146.057784314687,2.4091136,2.4136047,1058078.75,145.050507714687,9234003.0,145.0504913330078,9234003.0,negative,SN51_2019-03-20_HyFlexFuel_AcidMix100_10min_700uLmin_50-750_ESI_RP-MS_CB_neg_3o0kV_01.mzML,AcidMix100_3o0kV_01,DiAcids
0,AcidMix100_3o0kV_01_0850,1,DiAcids_05,160.07348619491702,2.9152265,2.9197177,18239560.0,159.066209594917,55125996.0,159.06613159179688,55125996.0,negative,SN51_2019-03-20_HyFlexFuel_AcidMix100_10min_700uLmin_50-750_ESI_RP-MS_CB_neg_3o0kV_01.mzML,AcidMix100_3o0kV_01,DiAcids
0,AcidMix100_3o0kV_01_0896,1,DiAcids_05,160.073445181895,3.0738556,3.0783489,1927419.5,159.066168581895,10257054.0,159.06617736816406,10257054.0,negative,SN51_2019-03-20_HyFlexFuel_AcidMix100_10min_700uLmin_50-750_ESI_RP-MS_CB_neg_3o0kV_01.mzML,AcidMix100_3o0kV_01,DiAcids
0,AcidMix100_3o0kV_01_0984,1,DiAcids_08,166.02644163906302,3.3750494,3.379541,1301566.5,165.019165039063,7555791.5,165.0191192626953,7555791.5,negative,SN51_2019-03-20_HyFlexFuel_AcidMix100_10min_700uLmin_50-750_ESI_RP-MS_CB_neg_3o0kV_01.mzML,AcidMix100_3o0kV_01,DiAcids
0,AcidMix100_3o0kV_01_1014,1,DiAcids_06,174.088956897852,3.4767579,3.4812491,22101130.0,173.081680297852,64508208.0,173.08164978027344,64508208.0,negative,SN51_2019-03-20_HyFlexFuel_AcidMix100_10min_700uLmin_50-750_ESI_RP-MS_CB_neg_3o0kV_01.mzML,AcidMix100_3o0kV_01,DiAcids
0,AcidMix100_3o0kV_01_1032,1,DiAcids_08,166.02644163906302,3.5377808,3.5422741,1348480.875,165.019165039063,6961048.0,165.0192108154297,6961048.0,negative,SN51_2019-03-20_HyFlexFuel_AcidMix100_10min_700uLmin_50-750_ESI_RP-MS_CB_neg_3o0kV_01.mzML,AcidMix100_3o0kV_01,DiAcids
0,AcidMix100_3o0kV_01_1062,1,DiAcids_06,174.08892638027302,3.6394894,3.6439803,1582098.0,173.081649780273,7478848.0,173.08175659179688,7478848.0,negative,SN51_2019-03-20_HyFlexFuel_AcidMix100_10min_700uLmin_50-750_ESI_RP-MS_CB_neg_3o0kV_01.mzML,AcidMix100_3o0kV_01,DiAcids
0,AcidMix100_3o0kV_01_1154,1,DiAcids_02,188.10473018279902,3.9516707,3.956162,39682092.0,187.097453582799,86581464.0,187.09739685058594,86581464.0,negative,SN51_2019-03-20_HyFlexFuel_AcidMix100_10min_700uLmin_50-750_ESI_RP-MS_CB_neg_3o0kV_01.mzML,AcidMix100_3o0kV_01,DiAcids
0,AcidMix100_3o0kV_01_1272,1,DiAcids_01,202.12043294577202,4.3543166,4.35881,30506738.0,201.113156345772,88986104.0,201.11297607421875,88986104.0,negative,SN51_2019-03-20_HyFlexFuel_AcidMix100_10min_700uLmin_50-750_ESI_RP-MS_CB_neg_3o0kV_01.mzML,AcidMix100_3o0kV_01,DiAcids
0,AcidMix100_3o0kV_01_1318,1,DiAcids_01,202.12031862387002,4.5119023,4.5163935,3293523.0,201.11304202387,19174356.0,201.11309814453125,19174356.0,negative,SN51_2019-03-20_HyFlexFuel_AcidMix100_10min_700uLmin_50-750_ESI_RP-MS_CB_neg_3o0kV_01.mzML,AcidMix100_3o0kV_01,DiAcids
0,AcidMix100_3o0kV_01_1452,1,DiAcids_00,230.15147256294202,4.9733898,4.9778833,56413316.0,229.144195962942,127161040.0,229.1444091796875,127161040.0,negative,SN51_2019-03-20_HyFlexFuel_AcidMix100_10min_700uLmin_50-750_ESI_RP-MS_CB_neg_3o0kV_01.mzML,AcidMix100_3o0kV_01,DiAcids
0,AcidMix100_3o0kV_01_1498,1,DiAcids_00,230.15137356240302,5.131838,5.1363292,4301114.0,229.144096962403,19492016.0,229.14431762695312,19492016.0,negative,SN51_2019-03-20_HyFlexFuel_AcidMix100_10min_700uLmin_50-750_ESI_RP-MS_CB_neg_3o0kV_01.mzML,AcidMix100_3o0kV_01,DiAcids
0,AcidMix100_3o0kV_01_1584,1,DiAcids_04,258.183088367578,5.426763,5.4312542,41473360.0,257.175811767578,101331136.0,257.1758117675781,101331136.0,negative,SN51_2019-03-20_HyFlexFuel_AcidMix100_10min_700uLmin_50-750_ESI_RP-MS_CB_neg_3o0kV_01.mzML,AcidMix100_3o0kV_01,DiAcids
0,AcidMix100_3o0kV_01_1630,1,DiAcids_04,258.183088367578,5.5858425,5.5903333,2749212.75,257.175811767578,9053749.0,257.1758117675781,9053749.0,negative,SN51_2019-03-20_HyFlexFuel_AcidMix100_10min_700uLmin_50-750_ESI_RP-MS_CB_neg_3o0kV_01.mzML,AcidMix100_3o0kV_01,DiAcids
0,AcidMix100_3o0kV_01_1686,1,DiAcids_03,286.21426288989,5.7760819,5.7805733,21092220.0,285.20698628989,45098500.0,285.2070617675781,45098500.0,negative,SN51_2019-03-20_HyFlexFuel_AcidMix100_10min_700uLmin_50-750_ESI_RP-MS_CB_neg_3o0kV_01.mzML,AcidMix100_3o0kV_01,DiAcids
0,AcidMix100_3o0kV_01_1734,1,DiAcids_03,286.21429519820504,5.9388405,5.9433316,1472871.125,285.207018598205,4323584.5,285.20697021484375,4323584.5,negative,SN51_2019-03-20_HyFlexFuel_AcidMix100_10min_700uLmin_50-750_ESI_RP-MS_CB_neg_3o0kV_01.mzML,AcidMix100_3o0kV_01,DiAcids
0,AcidMix100_4o0kV_01_0230,1,DiAcids_10,118.026441639063,0.79715523,0.80164627,2599984.25,117.019165039063,8222835.0,117.01919555664062,8222835.0,negative,SN51_2019-03-20_HyFlexFuel_AcidMix100_10min_700uLmin_50-750_ESI_RP-MS_CB_neg_4o0kV_01.mzML,AcidMix100_4o0kV_01,DiAcids
0,AcidMix100_4o0kV_01_0278,1,DiAcids_10,118.026456897852,0.95988627,0.96437753,1101753.875,117.019180297852,4462563.5,117.01921844482422,4462563.5,negative,SN51_2019-03-20_HyFlexFuel_AcidMix100_10min_700uLmin_50-750_ESI_RP-MS_CB_neg_4o0kV_01.mzML,AcidMix100_4o0kV_01,DiAcids
0,AcidMix100_4o0kV_01_0280,1,DiAcids_11,104.010824268457,0.96666758,0.97115915,25759.84375,103.003547668457,1496443.25,103.00358581542969,1296200.75,negative,SN51_2019-03-20_HyFlexFuel_AcidMix100_10min_700uLmin_50-750_ESI_RP-MS_CB_neg_4o0kV_01.mzML,AcidMix100_4o0kV_01,DiAcids
0,AcidMix100_4o0kV_01_0328,1,DiAcids_11,104.010809009668,1.129401,1.1338921,259887.265625,103.003532409668,3148934.25,103.00357055664062,3148934.25,negative,SN51_2019-03-20_HyFlexFuel_AcidMix100_10min_700uLmin_50-750_ESI_RP-MS_CB_neg_4o0kV_01.mzML,AcidMix100_4o0kV_01,DiAcids
0,AcidMix100_4o0kV_01_0338,1,DiAcids_09,132.04205138027302,1.1633032,1.1677964,4462130.5,131.034774780273,15381545.0,131.03477478027344,15381545.0,negative,SN51_2019-03-20_HyFlexFuel_AcidMix100_10min_700uLmin_50-750_ESI_RP-MS_CB_neg_4o0kV_01.mzML,AcidMix100_4o0kV_01,DiAcids
0,AcidMix100_4o0kV_01_0384,1,DiAcids_09,132.04205138027302,1.3216198,1.3261109,1256643.625,131.034774780273,5841907.5,131.0347900390625,5841907.5,negative,SN51_2019-03-20_HyFlexFuel_AcidMix100_10min_700uLmin_50-750_ESI_RP-MS_CB_neg_4o0kV_01.mzML,AcidMix100_4o0kV_01,DiAcids
0,AcidMix100_4o0kV_01_0650,1,DiAcids_07,146.057725491727,2.2387747,2.2432676,1753761.5,145.050448891727,6302063.0,145.05056762695312,6302063.0,negative,SN51_2019-03-20_HyFlexFuel_AcidMix100_10min_700uLmin_50-750_ESI_RP-MS_CB_neg_4o0kV_01.mzML,AcidMix100_4o0kV_01,DiAcids
0,AcidMix100_4o0kV_01_0696,1,DiAcids_07,146.05755773329602,2.3968954,2.4013864,1302228.75,145.050281133296,10728387.0,145.05047607421875,10728387.0,negative,SN51_2019-03-20_HyFlexFuel_AcidMix100_10min_700uLmin_50-750_ESI_RP-MS_CB_neg_4o0kV_01.mzML,AcidMix100_4o0kV_01,DiAcids
0,AcidMix100_4o0kV_01_0846,1,DiAcids_05,160.073242923793,2.9138582,2.9183497,21052436.0,159.065966323793,55553948.0,159.066162109375,55553948.0,negative,SN51_2019-03-20_HyFlexFuel_AcidMix100_10min_700uLmin_50-750_ESI_RP-MS_CB_neg_4o0kV_01.mzML,AcidMix100_4o0kV_01,DiAcids
0,AcidMix100_4o0kV_01_0894,1,DiAcids_05,160.073410417297,3.0772499,3.081741,2135366.75,159.066133817297,11490516.0,159.06610107421875,11490516.0,negative,SN51_2019-03-20_HyFlexFuel_AcidMix100_10min_700uLmin_50-750_ESI_RP-MS_CB_neg_4o0kV_01.mzML,AcidMix100_4o0kV_01,DiAcids
0,AcidMix100_4o0kV_01_0968,1,DiAcids_08,166.02643650645902,3.3285416,3.333033,1240537.0,165.019159906459,5955009.0,165.01910400390625,5955009.0,negative,SN51_2019-03-20_HyFlexFuel_AcidMix100_10min_700uLmin_50-750_ESI_RP-MS_CB_neg_4o0kV_01.mzML,AcidMix100_4o0kV_01,DiAcids
0,AcidMix100_4o0kV_01_1010,1,DiAcids_06,174.088956897852,3.4711961,3.4756871,18174830.0,173.081680297852,42764296.0,173.08177185058594,42764296.0,negative,SN51_2019-03-20_HyFlexFuel_AcidMix100_10min_700uLmin_50-750_ESI_RP-MS_CB_neg_4o0kV_01.mzML,AcidMix100_4o0kV_01,DiAcids
0,AcidMix100_4o0kV_01_1016,1,DiAcids_08,166.02644163906302,3.4915375,3.4960288,1373793.5,165.019165039063,7851868.5,165.01914978027344,7851868.5,negative,SN51_2019-03-20_HyFlexFuel_AcidMix100_10min_700uLmin_50-750_ESI_RP-MS_CB_neg_4o0kV_01.mzML,AcidMix100_4o0kV_01,DiAcids
0,AcidMix100_4o0kV_01_1060,1,DiAcids_06,174.08898741543,3.6438168,3.6483082,1748328.875,173.08171081543,6366125.5,173.0814971923828,6366125.5,negative,SN51_2019-03-20_HyFlexFuel_AcidMix100_10min_700uLmin_50-750_ESI_RP-MS_CB_neg_4o0kV_01.mzML,AcidMix100_4o0kV_01,DiAcids
0,AcidMix100_4o0kV_01_1148,1,DiAcids_02,188.10463274725802,3.9460482,3.9505393,27450864.0,187.097356147258,51421544.0,187.0972900390625,51421544.0,negative,SN51_2019-03-20_HyFlexFuel_AcidMix100_10min_700uLmin_50-750_ESI_RP-MS_CB_neg_4o0kV_01.mzML,AcidMix100_4o0kV_01,DiAcids
0,AcidMix100_4o0kV_01_1266,1,DiAcids_01,202.120383727029,4.3488381,4.3533293,22911238.0,201.113107127029,61731696.0,201.11309814453125,61731696.0,negative,SN51_2019-03-20_HyFlexFuel_AcidMix100_10min_700uLmin_50-750_ESI_RP-MS_CB_neg_4o0kV_01.mzML,AcidMix100_4o0kV_01,DiAcids
0,AcidMix100_4o0kV_01_1312,1,DiAcids_01,202.120484483103,4.5066777,4.5127437,4028254.5,201.113207883103,24546004.0,201.1131591796875,24546004.0,negative,SN51_2019-03-20_HyFlexFuel_AcidMix100_10min_700uLmin_50-750_ESI_RP-MS_CB_neg_4o0kV_01.mzML,AcidMix100_4o0kV_01,DiAcids
0,AcidMix100_4o0kV_01_1446,1,DiAcids_00,230.151531466973,4.9703653,4.9748565,47746752.0,229.144254866973,89554424.0,229.1443328857422,89554424.0,negative,SN51_2019-03-20_HyFlexFuel_AcidMix100_10min_700uLmin_50-750_ESI_RP-MS_CB_neg_4o0kV_01.mzML,AcidMix100_4o0kV_01,DiAcids
0,AcidMix100_4o0kV_01_1492,1,DiAcids_00,230.15158436253702,5.1274884,5.1319799,6028157.5,229.144307762537,19866754.0,229.14419555664062,19866754.0,negative,SN51_2019-03-20_HyFlexFuel_AcidMix100_10min_700uLmin_50-750_ESI_RP-MS_CB_neg_4o0kV_01.mzML,AcidMix100_4o0kV_01,DiAcids
0,AcidMix100_4o0kV_01_1580,1,DiAcids_04,258.183027332422,5.4277134,5.4322068,53587416.0,257.175750732422,126492744.0,257.1756591796875,126492744.0,negative,SN51_2019-03-20_HyFlexFuel_AcidMix100_10min_700uLmin_50-750_ESI_RP-MS_CB_neg_4o0kV_01.mzML,AcidMix100_4o0kV_01,DiAcids
0,AcidMix100_4o0kV_01_1626,1,DiAcids_04,258.18311888515603,5.5845178,5.589009,6730153.0,257.175842285156,26109494.0,257.17584228515625,26109494.0,negative,SN51_2019-03-20_HyFlexFuel_AcidMix100_10min_700uLmin_50-750_ESI_RP-MS_CB_neg_4o0kV_01.mzML,AcidMix100_4o0kV_01,DiAcids
0,AcidMix100_4o0kV_01_1682,1,DiAcids_03,286.214248371314,5.7767013,5.7811924,61565528.0,285.206971771314,119041760.0,285.20709228515625,119041760.0,negative,SN51_2019-03-20_HyFlexFuel_AcidMix100_10min_700uLmin_50-750_ESI_RP-MS_CB_neg_4o0kV_01.mzML,AcidMix100_4o0kV_01,DiAcids
0,AcidMix100_4o0kV_01_1728,1,DiAcids_03,286.214378820566,5.9343261,5.9388196,6702594.5,285.207102220566,19484464.0,285.20703125,19484464.0,negative,SN51_2019-03-20_HyFlexFuel_AcidMix100_10min_700uLmin_50-750_ESI_RP-MS_CB_neg_4o0kV_01.mzML,AcidMix100_4o0kV_01,DiAcids
0,AcidMix25_1o5kV_01_0228,1,DiAcids_10,118.026517933008,0.80690102,0.81139204,435940.875,117.019241333008,1542323.375,117.0191879272461,1055034.75,negative,SN51_2019-03-20_HyFlexFuel_AcidMix25_10min_700uLmin_50-750_ESI_RP-MS_CB_neg_1o5kV_01.mzML,AcidMix25_1o5kV_01,DiAcids
0,AcidMix25_1o5kV_01_0332,1,DiAcids_09,132.04197508632802,1.1725512,1.1770444,463615.6875,131.034698486328,1691596.875,131.03480529785156,1691596.875,negative,SN51_2019-03-20_HyFlexFuel_AcidMix25_10min_700uLmin_50-750_ESI_RP-MS_CB_neg_1o5kV_01.mzML,AcidMix25_1o5kV_01,DiAcids
0,AcidMix25_1o5kV_01_0378,1,DiAcids_09,132.042173450586,1.3317951,1.3362883,112456.640625,131.034896850586,956367.5625,131.0347900390625,544828.1875,negative,SN51_2019-03-20_HyFlexFuel_AcidMix25_10min_700uLmin_50-750_ESI_RP-MS_CB_neg_1o5kV_01.mzML,AcidMix25_1o5kV_01,DiAcids
0,AcidMix25_1o5kV_01_0642,1,DiAcids_07,146.05775267421902,2.2566643,2.2611572,847202.875,145.050476074219,5766540.0,145.05050659179688,5766540.0,negative,SN51_2019-03-20_HyFlexFuel_AcidMix25_10min_700uLmin_50-750_ESI_RP-MS_CB_neg_1o5kV_01.mzML,AcidMix25_1o5kV_01,DiAcids
0,AcidMix25_1o5kV_01_0688,1,DiAcids_07,146.057798450586,2.4167393,2.4212324,97189.734375,145.050521850586,851498.125,145.05055236816406,851498.125,negative,SN51_2019-03-20_HyFlexFuel_AcidMix25_10min_700uLmin_50-750_ESI_RP-MS_CB_neg_1o5kV_01.mzML,AcidMix25_1o5kV_01,DiAcids
0,AcidMix25_1o5kV_01_0834,1,DiAcids_05,160.07347855536702,2.9210375,2.9255287,3216069.75,159.066201955367,13320127.0,159.06619262695312,13320127.0,negative,SN51_2019-03-20_HyFlexFuel_AcidMix25_10min_700uLmin_50-750_ESI_RP-MS_CB_neg_1o5kV_01.mzML,AcidMix25_1o5kV_01,DiAcids
0,AcidMix25_1o5kV_01_0882,1,DiAcids_05,160.073438709375,3.083771,3.0882618,160245.125,159.066162109375,1429695.5,159.06614685058594,909610.3125,negative,SN51_2019-03-20_HyFlexFuel_AcidMix25_10min_700uLmin_50-750_ESI_RP-MS_CB_neg_1o5kV_01.mzML,AcidMix25_1o5kV_01,DiAcids
0,AcidMix25_1o5kV_01_0948,1,DiAcids_08,166.02619749843802,3.3075272,3.3120204,387114.53125,165.018920898438,1961110.625,165.01914978027344,1961110.625,negative,SN51_2019-03-20_HyFlexFuel_AcidMix25_10min_700uLmin_50-750_ESI_RP-MS_CB_neg_1o5kV_01.mzML,AcidMix25_1o5kV_01,DiAcids
0,AcidMix25_1o5kV_01_0996,1,DiAcids_08,166.026395862695,3.4702606,3.4747518,732064.5625,165.019119262695,4348053.5,165.01919555664062,4348053.5,negative,SN51_2019-03-20_HyFlexFuel_AcidMix25_10min_700uLmin_50-750_ESI_RP-MS_CB_neg_1o5kV_01.mzML,AcidMix25_1o5kV_01,DiAcids
0,AcidMix25_1o5kV_01_1000,1,DiAcids_06,174.089033191797,3.4838209,3.4883121,3095955.5,173.081756591797,14090880.0,173.08169555664062,14090880.0,negative,SN51_2019-03-20_HyFlexFuel_AcidMix25_10min_700uLmin_50-750_ESI_RP-MS_CB_neg_1o5kV_01.mzML,AcidMix25_1o5kV_01,DiAcids
0,AcidMix25_1o5kV_01_1140,1,DiAcids_02,188.10472619223202,3.9584588,3.9629498,5385055.0,187.097449592232,13872938.0,187.09742736816406,13872938.0,negative,SN51_2019-03-20_HyFlexFuel_AcidMix25_10min_700uLmin_50-750_ESI_RP-MS_CB_neg_1o5kV_01.mzML,AcidMix25_1o5kV_01,DiAcids
0,AcidMix25_1o5kV_01_1188,1,DiAcids_02,188.104729394298,4.1211901,4.1256834,304578.625,187.097452794298,1288895.625,187.09742736816406,1288895.625,negative,SN51_2019-03-20_HyFlexFuel_AcidMix25_10min_700uLmin_50-750_ESI_RP-MS_CB_neg_1o5kV_01.mzML,AcidMix25_1o5kV_01,DiAcids
0,AcidMix25_1o5kV_01_1260,1,DiAcids_01,202.120359485742,4.3652944,4.369786,5564915.5,201.113082885742,22578990.0,201.11318969726562,22578990.0,negative,SN51_2019-03-20_HyFlexFuel_AcidMix25_10min_700uLmin_50-750_ESI_RP-MS_CB_neg_1o5kV_01.mzML,AcidMix25_1o5kV_01,DiAcids
0,AcidMix25_1o5kV_01_1306,1,DiAcids_01,202.12034422695302,4.5241676,4.5286584,261615.921875,201.113067626953,9538432.0,201.1131134033203,1110791.5,negative,SN51_2019-03-20_HyFlexFuel_AcidMix25_10min_700uLmin_50-750_ESI_RP-MS_CB_neg_1o5kV_01.mzML,AcidMix25_1o5kV_01,DiAcids
0,AcidMix25_1o5kV_01_1440,1,DiAcids_00,230.151482875964,4.9868301,4.9913236,7478647.5,229.144206275964,21355414.0,229.14427185058594,21355414.0,negative,SN51_2019-03-20_HyFlexFuel_AcidMix25_10min_700uLmin_50-750_ESI_RP-MS_CB_neg_1o5kV_01.mzML,AcidMix25_1o5kV_01,DiAcids
0,AcidMix25_1o5kV_01_1488,1,DiAcids_00,230.15149960426902,5.1498842,5.1543754,270944.5625,229.144223004269,957377.5625,229.14434814453125,957377.5625,negative,SN51_2019-03-20_HyFlexFuel_AcidMix25_10min_700uLmin_50-750_ESI_RP-MS_CB_neg_1o5kV_01.mzML,AcidMix25_1o5kV_01,DiAcids
0,AcidMix25_1o5kV_01_1570,1,DiAcids_04,258.183027332422,5.4294699,5.4339612,3743639.5,257.175750732422,9676787.0,257.1759033203125,9676787.0,negative,SN51_2019-03-20_HyFlexFuel_AcidMix25_10min_700uLmin_50-750_ESI_RP-MS_CB_neg_1o5kV_01.mzML,AcidMix25_1o5kV_01,DiAcids
0,AcidMix25_1o5kV_01_1678,1,DiAcids_03,286.214324642523,5.7964557,5.8009489,4951119.5,285.207048042523,9748883.0,285.2068786621094,9748883.0,negative,SN51_2019-03-20_HyFlexFuel_AcidMix25_10min_700uLmin_50-750_ESI_RP-MS_CB_neg_1o5kV_01.mzML,AcidMix25_1o5kV_01,DiAcids
0,AcidMix25_3o0kV_01_0234,1,DiAcids_10,118.02654845058599,0.81187275,0.8163639,1253908.625,117.019271850586,4556530.5,117.01921844482422,4556530.5,negative,SN51_2019-03-20_HyFlexFuel_AcidMix25_10min_700uLmin_50-750_ESI_RP-MS_CB_neg_3o0kV_01.mzML,AcidMix25_3o0kV_01,DiAcids
0,AcidMix25_3o0kV_01_0280,1,DiAcids_10,118.026533191797,0.96913957,0.97363078,1160477.5,117.019256591797,4349077.5,117.0191879272461,1196768.875,negative,SN51_2019-03-20_HyFlexFuel_AcidMix25_10min_700uLmin_50-750_ESI_RP-MS_CB_neg_3o0kV_01.mzML,AcidMix25_3o0kV_01,DiAcids
0,AcidMix25_3o0kV_01_0338,1,DiAcids_09,132.04211241543,1.1668687,1.17136,1050560.875,131.03483581543,3767414.25,131.03475952148438,3767414.25,negative,SN51_2019-03-20_HyFlexFuel_AcidMix25_10min_700uLmin_50-750_ESI_RP-MS_CB_neg_3o0kV_01.mzML,AcidMix25_3o0kV_01,DiAcids
0,AcidMix25_3o0kV_01_0384,1,DiAcids_09,132.04212767421902,1.3238148,1.3283078,287921.28125,131.034851074219,1871967.0,131.03475952148438,1739495.625,negative,SN51_2019-03-20_HyFlexFuel_AcidMix25_10min_700uLmin_50-750_ESI_RP-MS_CB_neg_3o0kV_01.mzML,AcidMix25_3o0kV_01,DiAcids
0,AcidMix25_3o0kV_01_0658,1,DiAcids_07,146.05781859628402,2.2614484,2.2659397,2912310.0,145.050541996284,18273088.0,145.0504913330078,18273088.0,negative,SN51_2019-03-20_HyFlexFuel_AcidMix25_10min_700uLmin_50-750_ESI_RP-MS_CB_neg_3o0kV_01.mzML,AcidMix25_3o0kV_01,DiAcids
0,AcidMix25_3o0kV_01_0704,1,DiAcids_07,146.057722156641,2.4207069,2.4252003,224647.703125,145.050445556641,1795379.875,145.050537109375,1795379.875,negative,SN51_2019-03-20_HyFlexFuel_AcidMix25_10min_700uLmin_50-750_ESI_RP-MS_CB_neg_3o0kV_01.mzML,AcidMix25_3o0kV_01,DiAcids
0,AcidMix25_3o0kV_01_0850,1,DiAcids_05,160.073416002333,2.9185634,2.9230544,9153817.0,159.066139402333,36026176.0,159.0660858154297,36026176.0,negative,SN51_2019-03-20_HyFlexFuel_AcidMix25_10min_700uLmin_50-750_ESI_RP-MS_CB_neg_3o0kV_01.mzML,AcidMix25_3o0kV_01,DiAcids
0,AcidMix25_3o0kV_01_0896,1,DiAcids_05,160.07342260112,3.0769824,3.0814736,435168.25,159.06614600112,2336000.5,159.06593322753906,2336000.5,negative,SN51_2019-03-20_HyFlexFuel_AcidMix25_10min_700uLmin_50-750_ESI_RP-MS_CB_neg_3o0kV_01.mzML,AcidMix25_3o0kV_01,DiAcids
0,AcidMix25_3o0kV_01_0964,1,DiAcids_08,166.02641112148402,3.3105136,3.315005,931230.875,165.019134521484,4408303.0,165.0192108154297,4408303.0,negative,SN51_2019-03-20_HyFlexFuel_AcidMix25_10min_700uLmin_50-750_ESI_RP-MS_CB_neg_3o0kV_01.mzML,AcidMix25_3o0kV_01,DiAcids
0,AcidMix25_3o0kV_01_1012,1,DiAcids_08,166.02639880723802,3.4734638,3.4779548,1391612.0,165.019122207238,7540518.5,165.0192413330078,7540518.5,negative,SN51_2019-03-20_HyFlexFuel_AcidMix25_10min_700uLmin_50-750_ESI_RP-MS_CB_neg_3o0kV_01.mzML,AcidMix25_3o0kV_01,DiAcids
0,AcidMix25_3o0kV_01_1014,1,DiAcids_06,174.08901793300802,3.4802428,3.4847359,8029810.0,173.081741333008,29381366.0,173.08169555664062,29381366.0,negative,SN51_2019-03-20_HyFlexFuel_AcidMix25_10min_700uLmin_50-750_ESI_RP-MS_CB_neg_3o0kV_01.mzML,AcidMix25_3o0kV_01,DiAcids
0,AcidMix25_3o0kV_01_1062,1,DiAcids_06,174.088956897852,3.6432908,3.6477821,367896.84375,173.081680297852,1847079.25,173.08172607421875,1538921.25,negative,SN51_2019-03-20_HyFlexFuel_AcidMix25_10min_700uLmin_50-750_ESI_RP-MS_CB_neg_3o0kV_01.mzML,AcidMix25_3o0kV_01,DiAcids
0,AcidMix25_3o0kV_01_1154,1,DiAcids_02,188.10472140038502,3.9551951,3.9596865,17903232.0,187.097444800385,46689416.0,187.0974578857422,46689416.0,negative,SN51_2019-03-20_HyFlexFuel_AcidMix25_10min_700uLmin_50-750_ESI_RP-MS_CB_neg_3o0kV_01.mzML,AcidMix25_3o0kV_01,DiAcids
0,AcidMix25_3o0kV_01_1202,1,DiAcids_02,188.104779976638,4.1179263,4.1224198,909979.4375,187.097503376638,3949176.0,187.0974578857422,3949176.0,negative,SN51_2019-03-20_HyFlexFuel_AcidMix25_10min_700uLmin_50-750_ESI_RP-MS_CB_neg_3o0kV_01.mzML,AcidMix25_3o0kV_01,DiAcids
0,AcidMix25_3o0kV_01_1272,1,DiAcids_01,202.120335607842,4.3552476,4.3597406,9845380.0,201.113059007842,34485744.0,201.11314392089844,34485744.0,negative,SN51_2019-03-20_HyFlexFuel_AcidMix25_10min_700uLmin_50-750_ESI_RP-MS_CB_neg_3o0kV_01.mzML,AcidMix25_3o0kV_01,DiAcids
0,AcidMix25_3o0kV_01_1320,1,DiAcids_01,202.120359485742,4.5179809,4.5224723,747380.1875,201.113082885742,6581322.0,201.1131134033203,4545313.5,negative,SN51_2019-03-20_HyFlexFuel_AcidMix25_10min_700uLmin_50-750_ESI_RP-MS_CB_neg_3o0kV_01.mzML,AcidMix25_3o0kV_01,DiAcids
0,AcidMix25_3o0kV_01_1454,1,DiAcids_00,230.15151942589702,4.9724372,4.9769305,15014686.0,229.144242825897,40167896.0,229.14437866210938,40167896.0,negative,SN51_2019-03-20_HyFlexFuel_AcidMix25_10min_700uLmin_50-750_ESI_RP-MS_CB_neg_3o0kV_01.mzML,AcidMix25_3o0kV_01,DiAcids
0,AcidMix25_3o0kV_01_1502,1,DiAcids_00,230.151472734691,5.1351706,5.1396619,1124314.125,229.144196134691,4676301.0,229.1442413330078,4676301.0,negative,SN51_2019-03-20_HyFlexFuel_AcidMix25_10min_700uLmin_50-750_ESI_RP-MS_CB_neg_3o0kV_01.mzML,AcidMix25_3o0kV_01,DiAcids
0,AcidMix25_3o0kV_01_1586,1,DiAcids_04,258.182935779688,5.4209666,5.425458,11855562.0,257.175659179688,24135408.0,257.17578125,24135408.0,negative,SN51_2019-03-20_HyFlexFuel_AcidMix25_10min_700uLmin_50-750_ESI_RP-MS_CB_neg_3o0kV_01.mzML,AcidMix25_3o0kV_01,DiAcids
0,AcidMix25_3o0kV_01_1632,1,DiAcids_04,258.183027332422,5.5790626,5.5835542,864817.75,257.175750732422,3005730.75,257.1758117675781,3005730.75,negative,SN51_2019-03-20_HyFlexFuel_AcidMix25_10min_700uLmin_50-750_ESI_RP-MS_CB_neg_3o0kV_01.mzML,AcidMix25_3o0kV_01,DiAcids
0,AcidMix25_3o0kV_01_1692,1,DiAcids_03,286.21421169797503,5.7853938,5.7898851,15045846.0,285.206935097975,41846768.0,285.20703125,41846768.0,negative,SN51_2019-03-20_HyFlexFuel_AcidMix25_10min_700uLmin_50-750_ESI_RP-MS_CB_neg_3o0kV_01.mzML,AcidMix25_3o0kV_01,DiAcids
0,AcidMix25_3o0kV_01_1740,1,DiAcids_03,286.213842752182,5.9485797,5.9530708,477460.75,285.206566152182,1757478.125,285.2069091796875,1757478.125,negative,SN51_2019-03-20_HyFlexFuel_AcidMix25_10min_700uLmin_50-750_ESI_RP-MS_CB_neg_3o0kV_01.mzML,AcidMix25_3o0kV_01,DiAcids
0,AcidMix25_4o0kV_01_0232,1,DiAcids_10,118.02629668056599,0.80692547,0.81141677,1138744.25,117.019020080566,3792497.0,117.01922607421875,3326196.25,negative,SN51_2019-03-20_HyFlexFuel_AcidMix25_10min_700uLmin_50-750_ESI_RP-MS_CB_neg_4o0kV_01.mzML,AcidMix25_4o0kV_01,DiAcids
0,AcidMix25_4o0kV_01_0280,1,DiAcids_10,118.026441639063,0.96965668,0.97415007,1136118.875,117.019165039063,3740699.25,117.01918029785156,1175101.75,negative,SN51_2019-03-20_HyFlexFuel_AcidMix25_10min_700uLmin_50-750_ESI_RP-MS_CB_neg_4o0kV_01.mzML,AcidMix25_4o0kV_01,DiAcids
0,AcidMix25_4o0kV_01_0342,1,DiAcids_09,132.04214293300802,1.1802591,1.1847524,1973155.875,131.034866333008,7730180.5,131.0347900390625,7730180.5,negative,SN51_2019-03-20_HyFlexFuel_AcidMix25_10min_700uLmin_50-750_ESI_RP-MS_CB_neg_4o0kV_01.mzML,AcidMix25_4o0kV_01,DiAcids
0,AcidMix25_4o0kV_01_0390,1,DiAcids_09,132.04214293300802,1.3429924,1.3474836,288094.28125,131.034866333008,1232843.125,131.0347137451172,1198874.125,negative,SN51_2019-03-20_HyFlexFuel_AcidMix25_10min_700uLmin_50-750_ESI_RP-MS_CB_neg_4o0kV_01.mzML,AcidMix25_4o0kV_01,DiAcids
0,AcidMix25_4o0kV_01_0658,1,DiAcids_07,146.05773762696703,2.2589305,2.2634237,2480763.75,145.050461026967,14215472.0,145.05052185058594,14215472.0,negative,SN51_2019-03-20_HyFlexFuel_AcidMix25_10min_700uLmin_50-750_ESI_RP-MS_CB_neg_4o0kV_01.mzML,AcidMix25_4o0kV_01,DiAcids
0,AcidMix25_4o0kV_01_0704,1,DiAcids_07,146.057792830884,2.4161554,2.4206469,299586.375,145.050516230884,2259367.0,145.05047607421875,2259367.0,negative,SN51_2019-03-20_HyFlexFuel_AcidMix25_10min_700uLmin_50-750_ESI_RP-MS_CB_neg_4o0kV_01.mzML,AcidMix25_4o0kV_01,DiAcids
0,AcidMix25_4o0kV_01_0852,1,DiAcids_05,160.073358294906,2.9214494,2.9259427,8960349.0,159.066081694906,34981556.0,159.0660858154297,34981556.0,negative,SN51_2019-03-20_HyFlexFuel_AcidMix25_10min_700uLmin_50-750_ESI_RP-MS_CB_neg_4o0kV_01.mzML,AcidMix25_4o0kV_01,DiAcids
0,AcidMix25_4o0kV_01_0898,1,DiAcids_05,160.073369106958,3.0792788,3.0837697,513534.875,159.066092506958,2575610.0,159.06619262695312,2575610.0,negative,SN51_2019-03-20_HyFlexFuel_AcidMix25_10min_700uLmin_50-750_ESI_RP-MS_CB_neg_4o0kV_01.mzML,AcidMix25_4o0kV_01,DiAcids
0,AcidMix25_4o0kV_01_0984,1,DiAcids_08,166.026494737006,3.3722725,3.3767639,1418361.875,165.019218137006,8032565.0,165.0191192626953,8032565.0,negative,SN51_2019-03-20_HyFlexFuel_AcidMix25_10min_700uLmin_50-750_ESI_RP-MS_CB_neg_4o0kV_01.mzML,AcidMix25_4o0kV_01,DiAcids
0,AcidMix25_4o0kV_01_1014,1,DiAcids_06,174.088956897852,3.473979,3.4784722,6224628.5,173.081680297852,17453890.0,173.08172607421875,17453890.0,negative,SN51_2019-03-20_HyFlexFuel_AcidMix25_10min_700uLmin_50-750_ESI_RP-MS_CB_neg_4o0kV_01.mzML,AcidMix25_4o0kV_01,DiAcids
0,AcidMix25_4o0kV_01_1032,1,DiAcids_08,166.026404339702,3.5352893,3.5397828,1310460.25,165.019127739702,6687137.5,165.0191192626953,6687137.5,negative,SN51_2019-03-20_HyFlexFuel_AcidMix25_10min_700uLmin_50-750_ESI_RP-MS_CB_neg_4o0kV_01.mzML,AcidMix25_4o0kV_01,DiAcids
0,AcidMix25_4o0kV_01_1062,1,DiAcids_06,174.08894163906302,3.6369977,3.6414892,434100.28125,173.081665039063,2243775.75,173.08172607421875,2243775.75,negative,SN51_2019-03-20_HyFlexFuel_AcidMix25_10min_700uLmin_50-750_ESI_RP-MS_CB_neg_4o0kV_01.mzML,AcidMix25_4o0kV_01,DiAcids
0,AcidMix25_4o0kV_01_1152,1,DiAcids_02,188.104706873774,3.9471582,3.9516516,9485739.0,187.097430273774,22100784.0,187.09751892089844,22100784.0,negative,SN51_2019-03-20_HyFlexFuel_AcidMix25_10min_700uLmin_50-750_ESI_RP-MS_CB_neg_4o0kV_01.mzML,AcidMix25_4o0kV_01,DiAcids
0,AcidMix25_4o0kV_01_1274,1,DiAcids_01,202.120461232957,4.362894,4.3673852,17932778.0,201.113184632957,81575656.0,201.1130828857422,81575656.0,negative,SN51_2019-03-20_HyFlexFuel_AcidMix25_10min_700uLmin_50-750_ESI_RP-MS_CB_neg_4o0kV_01.mzML,AcidMix25_4o0kV_01,DiAcids
0,AcidMix25_4o0kV_01_1320,1,DiAcids_01,202.12036979051302,4.520769,4.5252602,945159.0625,201.113093190513,5838412.0,201.11306762695312,5838412.0,negative,SN51_2019-03-20_HyFlexFuel_AcidMix25_10min_700uLmin_50-750_ESI_RP-MS_CB_neg_4o0kV_01.mzML,AcidMix25_4o0kV_01,DiAcids
0,AcidMix25_4o0kV_01_1450,1,DiAcids_00,230.151566630115,4.9729485,4.9774394,17323816.0,229.144290030115,51870148.0,229.14434814453125,51870148.0,negative,SN51_2019-03-20_HyFlexFuel_AcidMix25_10min_700uLmin_50-750_ESI_RP-MS_CB_neg_4o0kV_01.mzML,AcidMix25_4o0kV_01,DiAcids
0,AcidMix25_4o0kV_01_1496,1,DiAcids_00,230.15158797938102,5.1318566,5.1363505,1483216.875,229.144311379381,5938855.5,229.14418029785156,5938855.5,negative,SN51_2019-03-20_HyFlexFuel_AcidMix25_10min_700uLmin_50-750_ESI_RP-MS_CB_neg_4o0kV_01.mzML,AcidMix25_4o0kV_01,DiAcids
0,AcidMix25_4o0kV_01_1584,1,DiAcids_04,258.183088367578,5.4307172,5.4352109,18901296.0,257.175811767578,56545160.0,257.1758117675781,56545160.0,negative,SN51_2019-03-20_HyFlexFuel_AcidMix25_10min_700uLmin_50-750_ESI_RP-MS_CB_neg_4o0kV_01.mzML,AcidMix25_4o0kV_01,DiAcids
0,AcidMix25_4o0kV_01_1630,1,DiAcids_04,258.18296629726603,5.5896196,5.5941131,1095195.125,257.175689697266,3834889.5,257.1758117675781,3834889.5,negative,SN51_2019-03-20_HyFlexFuel_AcidMix25_10min_700uLmin_50-750_ESI_RP-MS_CB_neg_4o0kV_01.mzML,AcidMix25_4o0kV_01,DiAcids
0,AcidMix25_4o0kV_01_1684,1,DiAcids_03,286.214301500289,5.7758653,5.7803568,17436576.0,285.207024900289,32523326.0,285.2070617675781,32523326.0,negative,SN51_2019-03-20_HyFlexFuel_AcidMix25_10min_700uLmin_50-750_ESI_RP-MS_CB_neg_4o0kV_01.mzML,AcidMix25_4o0kV_01,DiAcids
0,AcidMix25_4o0kV_01_1732,1,DiAcids_03,286.21422411241304,5.9386529,5.9431462,1130756.0,285.206947512413,3123555.5,285.2070617675781,3123555.5,negative,SN51_2019-03-20_HyFlexFuel_AcidMix25_10min_700uLmin_50-750_ESI_RP-MS_CB_neg_4o0kV_01.mzML,AcidMix25_4o0kV_01,DiAcids
0,AcidMix50_1o5kV_01_0228,1,DiAcids_10,118.02646452724599,0.81162873,0.81612005,984922.9375,117.019187927246,3297023.5,117.01924896240234,3297023.5,negative,SN51_2019-03-20_HyFlexFuel_AcidMix50_10min_700uLmin_50-750_ESI_RP-MS_CB_neg_1o5kV_01.mzML,AcidMix50_1o5kV_01,DiAcids
0,AcidMix50_1o5kV_01_0300,1,DiAcids_11,104.010938709375,1.0628454,1.0673389,38139.78125,103.003662109375,528406.1875,103.00337219238281,528406.1875,negative,SN51_2019-03-20_HyFlexFuel_AcidMix50_10min_700uLmin_50-750_ESI_RP-MS_CB_neg_1o5kV_01.mzML,AcidMix50_1o5kV_01,DiAcids
0,AcidMix50_1o5kV_01_0334,1,DiAcids_09,132.04212767421902,1.1829685,1.1874599,1495389.375,131.034851074219,5897689.0,131.03488159179688,5897689.0,negative,SN51_2019-03-20_HyFlexFuel_AcidMix50_10min_700uLmin_50-750_ESI_RP-MS_CB_neg_1o5kV_01.mzML,AcidMix50_1o5kV_01,DiAcids
0,AcidMix50_1o5kV_01_0346,1,DiAcids_11,104.010964477299,1.2240372,1.2285284,40496.4453125,103.003687877299,567311.5,103.00359344482422,567311.5,negative,SN51_2019-03-20_HyFlexFuel_AcidMix50_10min_700uLmin_50-750_ESI_RP-MS_CB_neg_1o5kV_01.mzML,AcidMix50_1o5kV_01,DiAcids
0,AcidMix50_1o5kV_01_0380,1,DiAcids_09,132.042158191797,1.3404811,1.3474135,207425.421875,131.034881591797,912642.75,131.0347900390625,912642.75,negative,SN51_2019-03-20_HyFlexFuel_AcidMix50_10min_700uLmin_50-750_ESI_RP-MS_CB_neg_1o5kV_01.mzML,AcidMix50_1o5kV_01,DiAcids
0,AcidMix50_1o5kV_01_0642,1,DiAcids_07,146.057775054801,2.2591692,2.2636624,1796549.25,145.050498454801,10378142.0,145.05055236816406,10378142.0,negative,SN51_2019-03-20_HyFlexFuel_AcidMix50_10min_700uLmin_50-750_ESI_RP-MS_CB_neg_1o5kV_01.mzML,AcidMix50_1o5kV_01,DiAcids
0,AcidMix50_1o5kV_01_0688,1,DiAcids_07,146.05784422695302,2.4173232,2.4218168,168310.828125,145.050567626953,1668164.5,145.05056762695312,1668164.5,negative,SN51_2019-03-20_HyFlexFuel_AcidMix50_10min_700uLmin_50-750_ESI_RP-MS_CB_neg_1o5kV_01.mzML,AcidMix50_1o5kV_01,DiAcids
0,AcidMix50_1o5kV_01_0834,1,DiAcids_05,160.073417678552,2.9157654,2.9202565,5266039.5,159.066141078552,21344576.0,159.0662384033203,21344576.0,negative,SN51_2019-03-20_HyFlexFuel_AcidMix50_10min_700uLmin_50-750_ESI_RP-MS_CB_neg_1o5kV_01.mzML,AcidMix50_1o5kV_01,DiAcids
0,AcidMix50_1o5kV_01_0882,1,DiAcids_05,160.073393262416,3.0786674,3.0831586,329046.3125,159.066116662416,1759597.875,159.066162109375,1759597.875,negative,SN51_2019-03-20_HyFlexFuel_AcidMix50_10min_700uLmin_50-750_ESI_RP-MS_CB_neg_1o5kV_01.mzML,AcidMix50_1o5kV_01,DiAcids
0,AcidMix50_1o5kV_01_0974,1,DiAcids_08,166.026380603906,3.3905718,3.395065,802241.4375,165.019104003906,3821731.5,165.01922607421875,3821731.5,negative,SN51_2019-03-20_HyFlexFuel_AcidMix50_10min_700uLmin_50-750_ESI_RP-MS_CB_neg_1o5kV_01.mzML,AcidMix50_1o5kV_01,DiAcids
0,AcidMix50_1o5kV_01_1002,1,DiAcids_06,174.089063709375,3.4871904,3.4916814,6914781.5,173.081787109375,28336774.0,173.081787109375,28336774.0,negative,SN51_2019-03-20_HyFlexFuel_AcidMix50_10min_700uLmin_50-750_ESI_RP-MS_CB_neg_1o5kV_01.mzML,AcidMix50_1o5kV_01,DiAcids
0,AcidMix50_1o5kV_01_1020,1,DiAcids_08,166.02644163906302,3.5482155,3.5527067,686066.125,165.019165039063,3638887.75,165.0190887451172,3638887.75,negative,SN51_2019-03-20_HyFlexFuel_AcidMix50_10min_700uLmin_50-750_ESI_RP-MS_CB_neg_1o5kV_01.mzML,AcidMix50_1o5kV_01,DiAcids
0,AcidMix50_1o5kV_01_1048,1,DiAcids_06,174.088956897852,3.6464592,3.6509504,412271.75,173.081680297852,2730690.25,173.08169555664062,1070442.875,negative,SN51_2019-03-20_HyFlexFuel_AcidMix50_10min_700uLmin_50-750_ESI_RP-MS_CB_neg_1o5kV_01.mzML,AcidMix50_1o5kV_01,DiAcids
0,AcidMix50_1o5kV_01_1142,1,DiAcids_02,188.10479243407002,3.9661387,3.9706319,14192051.0,187.09751583407,51972268.0,187.09747314453125,51972268.0,negative,SN51_2019-03-20_HyFlexFuel_AcidMix50_10min_700uLmin_50-750_ESI_RP-MS_CB_neg_1o5kV_01.mzML,AcidMix50_1o5kV_01,DiAcids
0,AcidMix50_1o5kV_01_1190,1,DiAcids_02,188.10465069888002,4.1288722,4.1333632,514171.5,187.09737409888,1935142.75,187.0974884033203,1935142.75,negative,SN51_2019-03-20_HyFlexFuel_AcidMix50_10min_700uLmin_50-750_ESI_RP-MS_CB_neg_1o5kV_01.mzML,AcidMix50_1o5kV_01,DiAcids
0,AcidMix50_1o5kV_01_1260,1,DiAcids_01,202.12049681484402,4.3710825,4.3755738,10990361.0,201.113220214844,52876528.0,201.11305236816406,52876528.0,negative,SN51_2019-03-20_HyFlexFuel_AcidMix50_10min_700uLmin_50-750_ESI_RP-MS_CB_neg_1o5kV_01.mzML,AcidMix50_1o5kV_01,DiAcids
0,AcidMix50_1o5kV_01_1308,1,DiAcids_01,202.12043577968802,4.5344972,4.5389885,425737.3125,201.113159179688,10158974.0,201.1132049560547,1985611.0,negative,SN51_2019-03-20_HyFlexFuel_AcidMix50_10min_700uLmin_50-750_ESI_RP-MS_CB_neg_1o5kV_01.mzML,AcidMix50_1o5kV_01,DiAcids
0,AcidMix50_1o5kV_01_1440,1,DiAcids_00,230.15168512285,4.9832453,4.9877366,12989732.0,229.14440852285,37456188.0,229.14447021484375,37456188.0,negative,SN51_2019-03-20_HyFlexFuel_AcidMix50_10min_700uLmin_50-750_ESI_RP-MS_CB_neg_1o5kV_01.mzML,AcidMix50_1o5kV_01,DiAcids
0,AcidMix50_1o5kV_01_1488,1,DiAcids_00,230.15159359824102,5.1464621,5.1509532,580114.875,229.144316998241,2069356.125,229.14430236816406,2069356.125,negative,SN51_2019-03-20_HyFlexFuel_AcidMix50_10min_700uLmin_50-750_ESI_RP-MS_CB_neg_1o5kV_01.mzML,AcidMix50_1o5kV_01,DiAcids
0,AcidMix50_1o5kV_01_1572,1,DiAcids_04,258.183027332422,5.4318101,5.4363033,8891632.0,257.175750732422,22902478.0,257.17572021484375,22902478.0,negative,SN51_2019-03-20_HyFlexFuel_AcidMix50_10min_700uLmin_50-750_ESI_RP-MS_CB_neg_1o5kV_01.mzML,AcidMix50_1o5kV_01,DiAcids
0,AcidMix50_1o5kV_01_1620,1,DiAcids_04,258.183179920313,5.5965436,5.6010349,346448.90625,257.175903320313,1049170.75,257.175537109375,1049170.75,negative,SN51_2019-03-20_HyFlexFuel_AcidMix50_10min_700uLmin_50-750_ESI_RP-MS_CB_neg_1o5kV_01.mzML,AcidMix50_1o5kV_01,DiAcids
0,AcidMix50_1o5kV_01_1676,1,DiAcids_03,286.21412401201303,5.7889874,5.7934784,7225624.0,285.206847412013,17363298.0,285.20697021484375,17363298.0,negative,SN51_2019-03-20_HyFlexFuel_AcidMix50_10min_700uLmin_50-750_ESI_RP-MS_CB_neg_1o5kV_01.mzML,AcidMix50_1o5kV_01,DiAcids
0,AcidMix50_3o0kV_01_0232,1,DiAcids_10,118.026495044824,0.80396637,0.8084595,1601988.75,117.019218444824,5068146.0,117.0192642211914,5068146.0,negative,SN51_2019-03-20_HyFlexFuel_AcidMix50_10min_700uLmin_50-750_ESI_RP-MS_CB_neg_3o0kV_01.mzML,AcidMix50_3o0kV_01,DiAcids
0,AcidMix50_3o0kV_01_0278,1,DiAcids_10,118.02646452724599,0.96093511,0.96542633,1142400.625,117.019187927246,4231963.5,117.0192642211914,2582577.5,negative,SN51_2019-03-20_HyFlexFuel_AcidMix50_10min_700uLmin_50-750_ESI_RP-MS_CB_neg_3o0kV_01.mzML,AcidMix50_3o0kV_01,DiAcids
0,AcidMix50_3o0kV_01_0306,1,DiAcids_11,104.010793750879,1.0558622,1.0603556,59905.33203125,103.003517150879,772343.5,103.00354766845703,772343.5,negative,SN51_2019-03-20_HyFlexFuel_AcidMix50_10min_700uLmin_50-750_ESI_RP-MS_CB_neg_3o0kV_01.mzML,AcidMix50_3o0kV_01,DiAcids
0,AcidMix50_3o0kV_01_0340,1,DiAcids_09,132.042158191797,1.1721269,1.1766179,2766801.5,131.034881591797,10480828.0,131.0347900390625,10480828.0,negative,SN51_2019-03-20_HyFlexFuel_AcidMix50_10min_700uLmin_50-750_ESI_RP-MS_CB_neg_3o0kV_01.mzML,AcidMix50_3o0kV_01,DiAcids
0,AcidMix50_3o0kV_01_0352,1,DiAcids_11,104.010831897852,1.2128102,1.2173013,90775.6171875,103.003555297852,1337421.25,103.0035629272461,1337421.25,negative,SN51_2019-03-20_HyFlexFuel_AcidMix50_10min_700uLmin_50-750_ESI_RP-MS_CB_neg_3o0kV_01.mzML,AcidMix50_3o0kV_01,DiAcids
0,AcidMix50_3o0kV_01_0388,1,DiAcids_09,132.04212767421902,1.3352311,1.3397222,616786.375,131.034851074219,2759941.75,131.03457641601562,2759941.75,negative,SN51_2019-03-20_HyFlexFuel_AcidMix50_10min_700uLmin_50-750_ESI_RP-MS_CB_neg_3o0kV_01.mzML,AcidMix50_3o0kV_01,DiAcids
0,AcidMix50_3o0kV_01_0656,1,DiAcids_07,146.05773762046402,2.2495648,2.2540582,1831701.125,145.050461020464,8503767.0,145.05027770996094,8503767.0,negative,SN51_2019-03-20_HyFlexFuel_AcidMix50_10min_700uLmin_50-750_ESI_RP-MS_CB_neg_3o0kV_01.mzML,AcidMix50_3o0kV_01,DiAcids
0,AcidMix50_3o0kV_01_0702,1,DiAcids_07,146.057789195781,2.4082817,2.4127728,548477.6875,145.050512595781,4980649.0,145.05047607421875,4980649.0,negative,SN51_2019-03-20_HyFlexFuel_AcidMix50_10min_700uLmin_50-750_ESI_RP-MS_CB_neg_3o0kV_01.mzML,AcidMix50_3o0kV_01,DiAcids
0,AcidMix50_3o0kV_01_0850,1,DiAcids_05,160.07346604968802,2.9183319,2.9228254,14284656.0,159.066189449688,44029828.0,159.066162109375,44029828.0,negative,SN51_2019-03-20_HyFlexFuel_AcidMix50_10min_700uLmin_50-750_ESI_RP-MS_CB_neg_3o0kV_01.mzML,AcidMix50_3o0kV_01,DiAcids
0,AcidMix50_3o0kV_01_0898,1,DiAcids_05,160.073392984683,3.0813634,3.0858564,902406.8125,159.066116384683,5061522.0,159.06607055664062,5061522.0,negative,SN51_2019-03-20_HyFlexFuel_AcidMix50_10min_700uLmin_50-750_ESI_RP-MS_CB_neg_3o0kV_01.mzML,AcidMix50_3o0kV_01,DiAcids
0,AcidMix50_3o0kV_01_0982,1,DiAcids_08,166.02635008632802,3.3661487,3.3706401,1326937.375,165.019073486328,7326173.0,165.01913452148438,7326173.0,negative,SN51_2019-03-20_HyFlexFuel_AcidMix50_10min_700uLmin_50-750_ESI_RP-MS_CB_neg_3o0kV_01.mzML,AcidMix50_3o0kV_01,DiAcids
0,AcidMix50_3o0kV_01_1014,1,DiAcids_06,174.08894163906302,3.4746386,3.4791296,9948486.0,173.081665039063,30875520.0,173.0816650390625,30875520.0,negative,SN51_2019-03-20_HyFlexFuel_AcidMix50_10min_700uLmin_50-750_ESI_RP-MS_CB_neg_3o0kV_01.mzML,AcidMix50_3o0kV_01,DiAcids
0,AcidMix50_3o0kV_01_1030,1,DiAcids_08,166.02641112148402,3.5290365,3.5335276,1329575.875,165.019134521484,7898719.5,165.01890563964844,7898719.5,negative,SN51_2019-03-20_HyFlexFuel_AcidMix50_10min_700uLmin_50-750_ESI_RP-MS_CB_neg_3o0kV_01.mzML,AcidMix50_3o0kV_01,DiAcids
0,AcidMix50_3o0kV_01_1062,1,DiAcids_06,174.088956897852,3.6375241,3.6420151,815445.5,173.081680297852,3920366.25,173.0817108154297,3920366.25,negative,SN51_2019-03-20_HyFlexFuel_AcidMix50_10min_700uLmin_50-750_ESI_RP-MS_CB_neg_3o0kV_01.mzML,AcidMix50_3o0kV_01,DiAcids
0,AcidMix50_3o0kV_01_1154,1,DiAcids_02,188.10472083794602,3.9499243,3.9544173,18500646.0,187.097444237946,40530544.0,187.09727478027344,40530544.0,negative,SN51_2019-03-20_HyFlexFuel_AcidMix50_10min_700uLmin_50-750_ESI_RP-MS_CB_neg_3o0kV_01.mzML,AcidMix50_3o0kV_01,DiAcids
0,AcidMix50_3o0kV_01_1274,1,DiAcids_01,202.12039000332,4.3569576,4.3614507,22108770.0,201.11311340332,74781448.0,201.11318969726562,74781448.0,negative,SN51_2019-03-20_HyFlexFuel_AcidMix50_10min_700uLmin_50-750_ESI_RP-MS_CB_neg_3o0kV_01.mzML,AcidMix50_3o0kV_01,DiAcids
0,AcidMix50_3o0kV_01_1320,1,DiAcids_01,202.12039742144202,4.514691,4.5191825,1620728.875,201.113120821442,9859225.0,201.1131134033203,9859225.0,negative,SN51_2019-03-20_HyFlexFuel_AcidMix50_10min_700uLmin_50-750_ESI_RP-MS_CB_neg_3o0kV_01.mzML,AcidMix50_3o0kV_01,DiAcids
0,AcidMix50_3o0kV_01_1454,1,DiAcids_00,230.151704180367,4.9793435,4.9838366,43129056.0,229.144427580367,114343792.0,229.1444091796875,114343792.0,negative,SN51_2019-03-20_HyFlexFuel_AcidMix50_10min_700uLmin_50-750_ESI_RP-MS_CB_neg_3o0kV_01.mzML,AcidMix50_3o0kV_01,DiAcids
0,AcidMix50_3o0kV_01_1502,1,DiAcids_00,230.15167167753,5.1420769,5.1465681,1999218.375,229.14439507753,8685917.0,229.144287109375,8685917.0,negative,SN51_2019-03-20_HyFlexFuel_AcidMix50_10min_700uLmin_50-750_ESI_RP-MS_CB_neg_3o0kV_01.mzML,AcidMix50_3o0kV_01,DiAcids
0,AcidMix50_3o0kV_01_1584,1,DiAcids_04,258.183088367578,5.4257956,5.4318593,29992124.0,257.175811767578,65383404.0,257.1758117675781,65383404.0,negative,SN51_2019-03-20_HyFlexFuel_AcidMix50_10min_700uLmin_50-750_ESI_RP-MS_CB_neg_3o0kV_01.mzML,AcidMix50_3o0kV_01,DiAcids
0,AcidMix50_3o0kV_01_1630,1,DiAcids_04,258.18305785,5.5833352,5.5878264,1721339.875,257.17578125,5752540.0,257.1758117675781,5752540.0,negative,SN51_2019-03-20_HyFlexFuel_AcidMix50_10min_700uLmin_50-750_ESI_RP-MS_CB_neg_3o0kV_01.mzML,AcidMix50_3o0kV_01,DiAcids
0,AcidMix50_3o0kV_01_1688,1,DiAcids_03,286.214305515155,5.7825853,5.7870786,26153224.0,285.207028915155,56239356.0,285.20703125,56239356.0,negative,SN51_2019-03-20_HyFlexFuel_AcidMix50_10min_700uLmin_50-750_ESI_RP-MS_CB_neg_3o0kV_01.mzML,AcidMix50_3o0kV_01,DiAcids
0,AcidMix50_3o0kV_01_1734,1,DiAcids_03,286.214250929944,5.9413291,5.9458224,1179809.5,285.206974329944,3425337.25,285.20697021484375,3425337.25,negative,SN51_2019-03-20_HyFlexFuel_AcidMix50_10min_700uLmin_50-750_ESI_RP-MS_CB_neg_3o0kV_01.mzML,AcidMix50_3o0kV_01,DiAcids
0,AcidMix50_4o0kV_01_0230,1,DiAcids_10,118.026456897852,0.80305928,0.80755042,1777594.875,117.019180297852,6299959.5,117.01898193359375,6299959.5,negative,SN51_2019-03-20_HyFlexFuel_AcidMix50_10min_700uLmin_50-750_ESI_RP-MS_CB_neg_4o0kV_01.mzML,AcidMix50_4o0kV_01,DiAcids
0,AcidMix50_4o0kV_01_0278,1,DiAcids_10,118.026426380273,0.96579041,0.97028368,1065106.125,117.019149780273,3547890.25,117.01918029785156,2251599.5,negative,SN51_2019-03-20_HyFlexFuel_AcidMix50_10min_700uLmin_50-750_ESI_RP-MS_CB_neg_4o0kV_01.mzML,AcidMix50_4o0kV_01,DiAcids
0,AcidMix50_4o0kV_01_0284,1,DiAcids_11,104.01092345058599,0.98613605,0.99062742,7340.83154296875,103.003646850586,1527271.25,103.00357818603516,570804.9375,negative,SN51_2019-03-20_HyFlexFuel_AcidMix50_10min_700uLmin_50-750_ESI_RP-MS_CB_neg_4o0kV_01.mzML,AcidMix50_4o0kV_01,DiAcids
0,AcidMix50_4o0kV_01_0332,1,DiAcids_11,104.010892933008,1.1492884,1.1537796,106250.90625,103.003616333008,1538222.75,103.00352478027344,1419039.75,negative,SN51_2019-03-20_HyFlexFuel_AcidMix50_10min_700uLmin_50-750_ESI_RP-MS_CB_neg_4o0kV_01.mzML,AcidMix50_4o0kV_01,DiAcids
0,AcidMix50_4o0kV_01_0336,1,DiAcids_09,132.04203612148402,1.1628486,1.1673422,1892114.25,131.034759521484,7042008.0,131.03477478027344,7042008.0,negative,SN51_2019-03-20_HyFlexFuel_AcidMix50_10min_700uLmin_50-750_ESI_RP-MS_CB_neg_4o0kV_01.mzML,AcidMix50_4o0kV_01,DiAcids
0,AcidMix50_4o0kV_01_0384,1,DiAcids_09,132.04206663906302,1.3255821,1.3300754,654586.75,131.034790039063,2987114.25,131.03480529785156,2987114.25,negative,SN51_2019-03-20_HyFlexFuel_AcidMix50_10min_700uLmin_50-750_ESI_RP-MS_CB_neg_4o0kV_01.mzML,AcidMix50_4o0kV_01,DiAcids
0,AcidMix50_4o0kV_01_0656,1,DiAcids_07,146.05771545451802,2.2522225,2.2567155,3618198.0,145.050438854518,17657852.0,145.0504608154297,17657852.0,negative,SN51_2019-03-20_HyFlexFuel_AcidMix50_10min_700uLmin_50-750_ESI_RP-MS_CB_neg_4o0kV_01.mzML,AcidMix50_4o0kV_01,DiAcids
0,AcidMix50_4o0kV_01_0702,1,DiAcids_07,146.05774534263102,2.4126869,2.4171804,592324.6875,145.050468742631,4733158.5,145.05047607421875,4733158.5,negative,SN51_2019-03-20_HyFlexFuel_AcidMix50_10min_700uLmin_50-750_ESI_RP-MS_CB_neg_4o0kV_01.mzML,AcidMix50_4o0kV_01,DiAcids
0,AcidMix50_4o0kV_01_0848,1,DiAcids_05,160.073388006517,2.9125622,2.9170558,9132876.0,159.066111406517,24749278.0,159.06610107421875,24749278.0,negative,SN51_2019-03-20_HyFlexFuel_AcidMix50_10min_700uLmin_50-750_ESI_RP-MS_CB_neg_4o0kV_01.mzML,AcidMix50_4o0kV_01,DiAcids
0,AcidMix50_4o0kV_01_0896,1,DiAcids_05,160.07340981453802,3.0757143,3.0802079,1231726.125,159.066133214538,6374373.0,159.06590270996094,6374373.0,negative,SN51_2019-03-20_HyFlexFuel_AcidMix50_10min_700uLmin_50-750_ESI_RP-MS_CB_neg_4o0kV_01.mzML,AcidMix50_4o0kV_01,DiAcids
0,AcidMix50_4o0kV_01_0982,1,DiAcids_08,166.026409482891,3.3687728,3.373264,1545604.25,165.019132882891,8210447.5,165.01910400390625,8210447.5,negative,SN51_2019-03-20_HyFlexFuel_AcidMix50_10min_700uLmin_50-750_ESI_RP-MS_CB_neg_4o0kV_01.mzML,AcidMix50_4o0kV_01,DiAcids
0,AcidMix50_4o0kV_01_1012,1,DiAcids_06,174.08891112148402,3.4710625,3.4755539,10572151.0,173.081634521484,27625696.0,173.0816650390625,27625696.0,negative,SN51_2019-03-20_HyFlexFuel_AcidMix50_10min_700uLmin_50-750_ESI_RP-MS_CB_neg_4o0kV_01.mzML,AcidMix50_4o0kV_01,DiAcids
0,AcidMix50_4o0kV_01_1030,1,DiAcids_08,166.026395862695,3.5320853,3.5365786,1369779.25,165.019119262695,7232579.5,165.0191192626953,7232579.5,negative,SN51_2019-03-20_HyFlexFuel_AcidMix50_10min_700uLmin_50-750_ESI_RP-MS_CB_neg_4o0kV_01.mzML,AcidMix50_4o0kV_01,DiAcids
0,AcidMix50_4o0kV_01_1060,1,DiAcids_06,174.088956897852,3.633794,3.6382849,1103056.625,173.081680297852,4746319.5,173.0817413330078,4746319.5,negative,SN51_2019-03-20_HyFlexFuel_AcidMix50_10min_700uLmin_50-750_ESI_RP-MS_CB_neg_4o0kV_01.mzML,AcidMix50_4o0kV_01,DiAcids
0,AcidMix50_4o0kV_01_1154,1,DiAcids_02,188.104793926369,3.9524772,3.9569706,26115292.0,187.097517326369,62859316.0,187.09732055664062,62859316.0,negative,SN51_2019-03-20_HyFlexFuel_AcidMix50_10min_700uLmin_50-750_ESI_RP-MS_CB_neg_4o0kV_01.mzML,AcidMix50_4o0kV_01,DiAcids
0,AcidMix50_4o0kV_01_1274,1,DiAcids_01,202.12027702927,4.3593107,4.3638042,31500720.0,201.11300042927,115790520.0,201.1131134033203,115790520.0,negative,SN51_2019-03-20_HyFlexFuel_AcidMix50_10min_700uLmin_50-750_ESI_RP-MS_CB_neg_4o0kV_01.mzML,AcidMix50_4o0kV_01,DiAcids
0,AcidMix50_4o0kV_01_1322,1,DiAcids_01,202.120302851762,4.5220463,4.5265375,1876097.25,201.113026251762,9783815.0,201.11294555664062,9783815.0,negative,SN51_2019-03-20_HyFlexFuel_AcidMix50_10min_700uLmin_50-750_ESI_RP-MS_CB_neg_4o0kV_01.mzML,AcidMix50_4o0kV_01,DiAcids
0,AcidMix50_4o0kV_01_1452,1,DiAcids_00,230.15157896816402,4.9690426,4.9735334,22403514.0,229.144302368164,48715644.0,229.14430236816406,48715644.0,negative,SN51_2019-03-20_HyFlexFuel_AcidMix50_10min_700uLmin_50-750_ESI_RP-MS_CB_neg_4o0kV_01.mzML,AcidMix50_4o0kV_01,DiAcids
0,AcidMix50_4o0kV_01_1498,1,DiAcids_00,230.15152331368301,5.1270527,5.1315441,3263254.5,229.144246713683,13020694.0,229.14425659179688,13020694.0,negative,SN51_2019-03-20_HyFlexFuel_AcidMix50_10min_700uLmin_50-750_ESI_RP-MS_CB_neg_4o0kV_01.mzML,AcidMix50_4o0kV_01,DiAcids
0,AcidMix50_4o0kV_01_1584,1,DiAcids_04,258.18305785,5.4239968,5.4301727,25769168.0,257.17578125,49354052.0,257.1758117675781,49354052.0,negative,SN51_2019-03-20_HyFlexFuel_AcidMix50_10min_700uLmin_50-750_ESI_RP-MS_CB_neg_4o0kV_01.mzML,AcidMix50_4o0kV_01,DiAcids
0,AcidMix50_4o0kV_01_1630,1,DiAcids_04,258.18305785,5.5845947,5.5890879,2525760.0,257.17578125,8013918.0,257.17578125,8013918.0,negative,SN51_2019-03-20_HyFlexFuel_AcidMix50_10min_700uLmin_50-750_ESI_RP-MS_CB_neg_4o0kV_01.mzML,AcidMix50_4o0kV_01,DiAcids
0,AcidMix50_4o0kV_01_1686,1,DiAcids_03,286.21423729234704,5.7795573,5.7840504,35585040.0,285.206960692347,83978064.0,285.2070617675781,83978064.0,negative,SN51_2019-03-20_HyFlexFuel_AcidMix50_10min_700uLmin_50-750_ESI_RP-MS_CB_neg_4o0kV_01.mzML,AcidMix50_4o0kV_01,DiAcids
0,AcidMix50_4o0kV_01_1734,1,DiAcids_03,286.214225451792,5.9451532,5.9496444,1747428.125,285.206948851792,5122978.5,285.20703125,5122978.5,negative,SN51_2019-03-20_HyFlexFuel_AcidMix50_10min_700uLmin_50-750_ESI_RP-MS_CB_neg_4o0kV_01.mzML,AcidMix50_4o0kV_01,DiAcids
